{
  "ckpt_steps": 10000,
  "ckpt_mid": 5000,
  "dataset": "hopper-medium",
  "d4rl_random_score": 18.4,
  "d4rl_expert_score": 3234.3,
  "baseline": {
    "mean_return": 92.49375859026833,
    "std_return": 3.3133064124679787,
    "min_return": 84.86759414011226,
    "max_return": 96.56173231990434,
    "mean_ep_len": 75.3,
    "normalized": 2.3039820451590014,
    "all_returns": [
      92.03381451201426,
      91.79216564796002,
      94.29660506307927,
      96.23960794645353,
      93.90521937034173,
      94.4722919924336,
      89.31630319240537,
      96.56173231990434,
      84.86759414011226,
      91.45225171797891
    ]
  },
  "mid": {
    "mean_return": 691.2640462063575,
    "std_return": 2.7399654896749728,
    "min_return": 688.351058280936,
    "max_return": 697.0014301394585,
    "mean_ep_len": 205.7,
    "normalized": 20.923040088508895,
    "all_returns": [
      691.5914175765104,
      695.1652381908026,
      689.6226045532678,
      697.0014301394585,
      689.4055995961733,
      689.515223766886,
      691.5901255853122,
      688.3600573017889,
      688.351058280936,
      692.0377070724395
    ]
  },
  "final": {
    "mean_return": 815.998387413754,
    "std_return": 21.511214822268368,
    "min_return": 780.1447996411827,
    "max_return": 862.438664265585,
    "mean_ep_len": 228.8,
    "normalized": 24.801716079907774,
    "all_returns": [
      810.3924837517561,
      813.5718768747595,
      813.2733143762088,
      824.2967282677199,
      805.3851988494724,
      830.9550124965617,
      780.1447996411827,
      827.8935197100033,
      862.438664265585,
      791.6322759042897
    ]
  }
}